modelo,RMSE,MAE,MAPE,sMAPE,AIC,Ljung_Box_p_10,ranking_RMSE
Ingenuo último valor,38.9323295373086,33.40233799972915,11.506397595907906,11.712154446251144,,1.509980396859644e-05,1
Drift,39.91327288073053,34.09156029130784,11.64996391285741,11.960506676789446,,1.5099803968596384e-05,2
AutoReg rezagos 1-4 y 52,40.01626941894431,31.98201396567699,11.760403541823125,11.138968973430812,1987.1444806165887,0.7726796998325811,3
Holt amortiguado,41.92961362805609,36.13032526326305,12.198800987965814,12.706644881977033,1754.4340116271262,0.07590273247162,4
SES,41.93103972403149,36.14540842514264,12.203967479095226,12.712249724287233,1748.3699225984665,0.0767755306110862,5
ETS aditivo 52,49.07205814845147,38.56955465181095,13.218322267484606,13.670909431264125,2301.0618654824702,1.1694514210829747e-281,6
Ingenuo estacional 52,60.39356566150133,50.49851490864891,17.49451855635899,16.98197719478658,,6.1366436047787374e-229,7
