modelo,RMSE,MAE,MAPE,sMAPE
AutoReg rezagos 1-4 y 52,27.533646271880443,24.698774070798855,8.519916410382661,8.545507001379931
