lag,lb_stat,lb_pvalue
10,7.130953175912541,0.7130270461707734
20,14.562961976847141,0.80084521439544
