lag,lb_stat,lb_pvalue
10,8.579963219783734,0.5723751735754109
20,22.61410862367201,0.308137334801866
