estadistico,valor
count,299.0
mean,312.24010143645864
std,52.68312155681524
min,111.90279638691312
25%,270.66289842696415
50%,323.12439991344104
75%,355.4424151684865
max,403.6725029222893
