escenario,semanas_imputadas,correlacion_con_base,validacion_RMSE,validacion_MAE,validacion_sMAPE,prueba_RMSE,prueba_MAE,prueba_sMAPE,ljung_p_10,ljung_p_20,pronostico_medio_8s,pronostico_min_8s,pronostico_max_8s
"Media, cobertura 75%",10,1.0,40.01626941894445,31.982013965676984,11.138968973430806,27.53364627188048,24.698774070798883,8.54550700137994,0.7130270461707691,0.8008452143954397,310.6164609497547,304.13913272818814,313.8727010010249
"Media, cobertura 50%",1,0.9503297057808656,39.32339776029251,32.029462458135555,11.168701483590587,29.2444008676923,27.139256631542622,9.351376175545752,0.7153384456923414,0.7933376606844755,313.97797045952905,308.59848592772687,316.7284708006545
"Media, sin umbral",0,0.9502971979510149,39.28016519676985,32.024241834768674,11.167663479115811,29.268543327215188,27.14828037172422,9.354328540402884,0.7132892417690069,0.7931594082588931,313.93792131716566,308.5835105936323,316.69600199660806
"Mediana, cobertura 75%",10,0.9747681056588194,48.519360631711315,40.707462879065105,14.714020116704537,36.53506977629336,32.15112610777882,12.518485479043076,0.9924378087259985,0.999787976342989,295.79730631870433,292.09012004408913,298.36250594066826
"Media DM+RE, cobertura 75%",25,0.9661409156459086,37.8391594849813,32.543966149816,11.411713021472794,31.622499957710144,24.11221497589498,8.411207280523646,0.05440511206617582,0.13820399711805822,296.64040515799013,292.70328012526323,300.6397381700034
