tipo,n,porcentaje
DM,48574,96.37698412698413
DS,1826,3.623015873015873
