estado,n,porcentaje
RE,47208,93.66666666666667
HE,1310,2.5992063492063493
FA,1081,2.1448412698412698
DP,394,0.7817460317460317
DNP,241,0.4781746031746032
HA,166,0.32936507936507936
