lag,lb_stat,lb_pvalue,loglikelihood_burn_excluido,model_df
10,7.003739620314947,0.42849059316218246,3,3
20,17.781745932200756,0.40273341433034854,3,3
