serie,estadístico ADF,p_value,n_observaciones
Entrenamiento en nivel,-2.673440812258578,0.07874800212870198,256
Primera diferencia del entrenamiento,-17.93338547470207,2.877839566689474e-30,256
